,age,bmi,children,charges
age,1.0,0.10927188154853504,0.04246899855884949,0.2990081933306478
bmi,0.10927188154853504,1.0,0.01275890082067385,0.19834096883362906
children,0.04246899855884949,0.01275890082067385,1.0,0.06799822684790513
charges,0.2990081933306478,0.19834096883362906,0.06799822684790513,1.0
