,df,sum_sq,mean_sq,F,PR(>F)
sex,1.0,643590180.1273314,643590180.1273314,11.59253098144094,0.0006818323423346659
smoker,1.0,120877734754.00282,120877734754.00282,2177.284440270579,1.2472846365688564e-282
sex:smoker,1.0,492339740.8066587,492339740.8066587,8.868164672069106,0.0029542550354441787
Residual,1334.0,74060556893.4303,55517658.8406524,,
